<?xml version="1.0" encoding="UTF-8"?>
<project-private xmlns="http://www.netbeans.org/ns/project-private/1">
    <editor-bookmarks xmlns="http://www.netbeans.org/ns/editor-bookmarks/2" lastBookmarkId="1">
        <file>
            <url>src/Balling.java</url>
            <bookmark id="1">
                <name/>
                <line>14</line>
                <key/>
            </bookmark>
        </file>
    </editor-bookmarks>
    <open-files xmlns="http://www.netbeans.org/ns/projectui-open-files/2">
        <group>
            <file>file:/D:/NetbeansProject/gamewithhomepage/src/Balling.java</file>
            <file>file:/D:/NetbeansProject/gamewithhomepage/src/Shell.java</file>
            <file>file:/D:/NetbeansProject/gamewithhomepage/src/Nuke.java</file>
            <file>file:/D:/NetbeansProject/gamewithhomepage/src/new_1.css</file>
            <file>file:/D:/NetbeansProject/gamewithhomepage/src/Controller.java</file>
            <file>file:/D:/NetbeansProject/gamewithhomepage/src/new.css</file>
            <file>file:/D:/NetbeansProject/gamewithhomepage/src/Main.java</file>
            <file>file:/D:/NetbeansProject/gamewithhomepage/src/Tank.java</file>
            <file>file:/D:/NetbeansProject/gamewithhomepage/src/Missile.java</file>
            <file>file:/D:/NetbeansProject/gamewithhomepage/src/Fire.java</file>
            <file>file:/D:/NetbeansProject/gamewithhomepage/src/Mountain.java</file>
        </group>
    </open-files>
</project-private>
